primary_name,Type,GAMES,CHARGESPERPERSON,DURATION,ANYOutdoorINFORMATION,MINMAXCAPONNUMBEROFGUESTS
Sterling Kodai Lake,Indoor,Table Tennis,NA,,They can play singles and doubles also,Min 2/Max 4
Sterling Kodai Lake,Indoor,Zenga,NA,,2 person or Group can play together,Min 2/Max 4
Sterling Kodai Lake,Indoor,Connect 4,NA,,,Min 2/Max 4
Sterling Kodai Lake,Indoor,Carrom,NA,,,Min 2/Max 4
Sterling Kodai Lake,Indoor,Chess,NA,,,Min 2/Max 2
Sterling Kodai Lake,Indoor,Board Games,NA,,,Min 2/Max 4
Sterling Kodai Lake,Indoor,Cricket,NA,,,Group
Sterling Kodai Lake,Indoor,Water pellet shoots,250+23.9%tax(18%Gst+5% SC),1 round,In between they want to change a player they can change,Depend
Sterling Kodai Lake,Indoor,Air Hockey,100+(18% Gst + 5% SC),15 mins,In between they want to change a player they can change,Min 2/Max 2
Sterling Kodai Lake,Indoor,Kids Corner,NA,,,Depend
Sterling Kodai Lake,Indoor,Pool Table,100+(18% Gst + 5% SC),30 mins,,Depend
Sterling Kodai Lake,Indoor,VR Game,250+(18% Gst + 5% SC),30 mins,,Min 1/Max 1
Sterling Kodai Lake,Outdoor,Archery,201.78+(18% Gst + 5% SC),10 shots,,Min 1/Max 1
Sterling Kodai Lake,Outdoor,cycling,100+tax (18% Gst + 5% SC,1 hour,,Min 1
Sterling Kodai Lake,Outdoor,Electric scooter,400+tax(23% Gst+5% SC),1 hour,,Min 1/Max 1
Sterling Kodai Lake,Outdoor,kiddie bike,350+(18% Gst + 5% SC),30 mins,,Min 1/Max 1
Sterling Kodai Lake,Outdoor,Kiddie car,350+(18% Gst + 5% SC),30 mins,,Min 1/Max 1
Sterling Kodai Lake,Outdoor,E-cycle,400+(18% Gst + 5% SC),1 hour,,Min 1/Max 1
Sterling Kodai Lake,Outdoor,Photography,200+23.9 tax (18% Gst + 5% SC),Depend,,Min 1
Sterling Kodai Lake,Outdoor,tandem cycle double,400+(18% Gst + 5% SC),Depend on player,,Min 2/Max 2
Sterling Kodai Lake,Outdoor,Putting Golf,100+(18% Gst + 5% SC),1 Hour,,Min 2/Max 4
Sterling Kodai Lake,Indoor,Canvas Painting,500+(18% Gst + 5% SC),,,Min 1/Max 1
Sterling Kodai Lake,Indoor,Glass Painting,350+(18% Gst + 5% SC),,,Min 1/Max 1
Sterling Kodai Lake,Indoor,Bottle Painting,300+(18% Gst + 5% SC),,,Min 1/Max 1
Sterling Kodai Lake,Indoor,Emboss painting,500+(18% Gst + 5% SC),,,Min 1/Max 1
Sterling Kodai Lake,Indoor,Greeting Card Making,NA,,,Min 1/Max 1
Sterling Kodai Lake,Indoor,Paper craft,NA,,,Min 1/Max 1
Sterling Kodai Lake,Indoor,Paper Drawing,NA,,,Min 1/Max 1
Sterling Kodai Lake,Outdoor,House DJ,35000 + (18% Gst + 5% SC),2 - 3 Hours,Novex. PPL to be obtained as per size of the group. Until 10pm,Group
Sterling Kodai Lake,Outdoor,Professional DJ,50000 + (18% Gst + 5% SC),2 - 3 Hours,Novex. PPL to be obtained as per size of the group. Until 10pm,Group
Sterling Kodai Lake,Outdoor,Bonfire,12000+(18% Gst + 5% SC),2 - 3 hours,Until 10 pm,Group or Individual
Sterling Kodai Lake,Outdoor,Bonfire with Soft Music,15000 + (18% Gst + 5% SC),2 - 3 hours,Until 10 pm,Group or Individual
Sterling Kodai Lake,Outdoor,Team Building Activity,15000+(18% Gst + 5% SC),2 hours,,Group
Sterling Kodai Lake,Outdoor,Jeep Ride,10000 + (18% Gst + 5% SC),2 hours,,Min 1/Max 7
Sterling Kodai Lake,Outdoor,Jeep Ride,3500 + (18% Gst + 5% SC),2 hours,,Min 1/Max 7
Sterling Kodai Lake,Evening,Family Fun games,,,Everyday between 7:30 pm to 8:30pm (varies as per availability and guest choice),
Sterling Kodai Lake,Evening,DJ with Bonfire,,,Everyday between 7:30 pm to 8:30pm (varies as per availability and guest choice),
Sterling Kodai Lake,Evening,Karaoke night,,,Everyday between 7:30 pm to 8:30pm (varies as per availability and guest choice),
Sterling Kodai Lake,Evening,Musical Masti and Games,,,Everyday between 7:30 pm to 8:30pm (varies as per availability and guest choice),
Sterling Kodai Lake,Evening,Housie,,,Everyday between 7:30 pm to 8:30pm (varies as per availability and guest choice),
Sterling Kodai Lake,Evening,Treasure hunt,,,Everyday between 7:30 pm to 8:30pm (varies as per availability and guest choice),
Sterling Kodai Lake,Evening,Dandiya Dance,,,Everyday between 7:30 pm to 8:30pm (varies as per availability and guest choice),
Sterling Ooty Elk Hill,Indoor,Table Tennis,Complimentary,,They can play singles and doubles also,Min 2/Max 4
Sterling Ooty Elk Hill,Indoor,Air hockey,100+(18% Gst + 5% SC),10 mins,In between they want to change a player they can change,Min 2/Max 2
Sterling Ooty Elk Hill,Indoor,X Box 360,200+(18% Gst + 5% SC),20 mins,In between they want to change a player they can change,Min 1/Max 2
Sterling Ooty Elk Hill,Indoor,Ps4,200+(18% Gst + 5% SC),30 mins,In between they want to change a player they can change,Min 1/Max 2
Sterling Ooty Elk Hill,Indoor,VR,200+(18% Gst + 5% SC),20 mins,In between they want to change a player they can change,Min 1/Max 1
Sterling Ooty Elk Hill,Indoor,Board games,Complimentary,,Its group game,Min 2 /Max 6
Sterling Ooty Elk Hill,Indoor,Arts & Craft,300+(18% Gst + 5% SC),30-45min,,Min 1/Max 1
Sterling Ooty Elk Hill,Outdoor,Water pallet shooting,250+(18% Gst + 5% SC),5 -10mins,Loaded with 250 water pallets,Min 1/Max 1
Sterling Ooty Elk Hill,Outdoor,Archery,100+(18% Gst + 5% SC),8 shots,In between they want to change a player they can change,Min 1/Max 1
Sterling Ooty Elk Hill,Outdoor,Paint Ball (Target Shooting),161+(18% Gst + 5% SC),12 pallets,In between they want to change a player they can change,Min 1
Sterling Lake Palace Alleppey,Indoor,Table Tennis,NA,,,Min 2/Max 4
Sterling Lake Palace Alleppey,Indoor,Pool Table,"199+18% GST, Optional - 5% Service Charge",30 mins,,Min 2
Sterling Lake Palace Alleppey,Indoor,VR GAME,"350+18% GST, Optional - 5% Service Charge",30 mins,,Min 1/Max 1
Sterling Lake Palace Alleppey,Indoor,CARROM,NA,,,Min 2/Max 2
Sterling Lake Palace Alleppey,Indoor,CHESS,NA,,,Min 2/Max 2
Sterling Lake Palace Alleppey,Indoor,WATER PELLET,"350+18% GST, Optional - 5% Service Charge (100 pellets)",,,Min 1 /Max 1
Sterling Lake Palace Alleppey,Indoor,LUDO BOARD,NA,,,Min 2 /Max 4
Sterling Lake Palace Alleppey,Indoor,Funny frog,100 + tax 1 game,1 game,,1
Sterling Lake Palace Alleppey,Indoor,vr game,350+ tax,30 mins,,1
Sterling Lake Palace Alleppey,Indoor,DJ NIGHT,NA,,,
Sterling Lake Palace Alleppey,Outdoor,MINI GOLF,COMP,,,Min 1 / Max 1
Sterling Lake Palace Alleppey,Outdoor,ARCHERY,COMP,,,Min 1 / Max 1
Sterling Lake Palace Alleppey,Outdoor,BADMINTON,COMP,,,Min 2 / Max 4
Sterling Lake Palace Alleppey,Outdoor,PEDDLE BOAT,COMP,30 mins,,Min 1 / Max 2
Sterling Lake Palace Alleppey,Outdoor,FISHING,COMP,,,Min 1 / Max 1
Sterling Lake Palace Alleppey,Outdoor,CHILDRENS PLAY AREA,COMP,,,Min 1 / Max 1
Sterling Lake Palace Alleppey,Outdoor,SUNSET CRUISE,COMP,,,Min 1 / Max 30
Sterling Lake Palace Alleppey,Outdoor,JETSKI,"2000+18% GST, Optional - 5% Service Charge",10 Mins,,Min 1 / Max 1
Sterling Lake Palace Alleppey,Outdoor,SHIKARA BOAT,"2000+18% GST, Optional - 5% Service Charge",1 hour,,Min 1 / Max 6
Sterling Lake Palace Alleppey,Outdoor,KAYAKING,"750+18% GST, Optional - 5% Service Charge",30 mins,,Min 1 / Max 1
Sterling Lake Palace Alleppey,Outdoor,KAYAKING,"1000+18% GST, Optional - 5% Service Charge",30 mins,,Min 2 / Max 2
Sterling Lake Palace Alleppey,Outdoor,SPEED BOAT,"2000+18% GST, Optional - 5% Service Charge",10 Mins,,Min 1 / Max 3
Sterling Lake Palace Alleppey,Outdoor,Archery,250+tax,10 shots,,Min 1 / Max 1
Sterling Lake Palace Alleppey,Outdoor,Air gun,250 + tax,10 shots,,Min 1 / Max 1
Sterling Lake Palace Alleppey,Outdoor,Aqua Zorbing,300+ tax,10 Mins,,Min 1 / Max 1
Sterling Lake Palace Alleppey,Outdoor,Kiddy boat,300+ tax,15 mins,,Min 1 / Max 1
Sterling Lake Palace Alleppey,Outdoor,Electrick Cycle,350+ tax,15 mins,,Min 1 / Max 1
Sterling Lake Palace Alleppey,Outdoor,Regular Cycle,350+ tax,15 mins,,Min 1 / Max 1
Sterling Lake Palace Alleppey,Outdoor,Kiddy Car,350+ tax,10 Mins,,Min 1 / Max 1
Sterling Lake Palace Alleppey,Outdoor,Water pallet shooting,350+ tax,100 pellets,,Min 1 / Max 1
Sterling Lake Palace Alleppey,Outdoor,Mini Golf,comp,comp,,Min 1 / Max 3
Sterling Lake Palace Alleppey,Outdoor,Badminton court,comp,comp,,Min 2 / Max 4
Sterling Munnar,Indoor,Table Tennis,Comp,,,Min 2/Max 4
Sterling Munnar,Indoor,Pool Table,250,30 mins,,Min 2/Max 4
Sterling Munnar,Indoor,Video Game,250,30 mins,,Min 1/Max 2
Sterling Munnar,Indoor,VR Games,250,15 mins,,Max 1
Sterling Munnar,Indoor,Choice of Board Games,Comp,,,
Sterling Munnar,Indoor,Air hockey,125,15 mins,,Min 2
Sterling Munnar,Indoor,Carrom Board,Comp,,,
Sterling Munnar,Indoor,DJ Corner,Comp,1 hour,,
Sterling Munnar,Indoor,Toddler Corner,Comp,,,
Sterling Munnar,Indoor,Playing Cards,Comp,,,
Sterling Munnar,Indoor,Library,Comp,,,
Sterling Munnar,Outdoor,Paint ball,250 Net,,10 Shots,
Sterling Munnar,Outdoor,Trampoline,150 Net,,15 Min,
Sterling Munnar,Outdoor,Gun Shooting,150 Net,,10 Shots,
Sterling Munnar,Outdoor,Archery,150 Net,,10 Shots,
Sterling Munnar,Outdoor,ATV Ride,250 Net,,1 Lap,
Sterling Munnar,Outdoor,Water Gun,250 Net,,one magazine,
Sterling Munnar,Outdoor,Zip line,375 Net,,one Trip,
Sterling Munnar,Outdoor,Burma Bridge,375 Net,,one Trip,
Sterling Munnar,Outdoor,Sky Cycle,375 Net,,one Trip,
Sterling Munnar,Outdoor,Multivine,375 Net,,one Trip,
Sterling Munnar,Outdoor,Kids Car,250 Net,,15 min,
Sterling Thekkady,Indoor,Table Tennis,,,,
Sterling Thekkady,Indoor,Carrom,,,,
Sterling Thekkady,Indoor,Chess,,,,
Sterling Thekkady,Indoor,Snake And Ladder,,,,
Sterling Thekkady,Indoor,Board Game,,,,
Sterling Manali,Indoor,Table Tennis,Free,,Only for inhouse guests,
Sterling Manali,Indoor,Pool Table,150+18%,30 Minutes,,Max 30 Pax
Sterling Manali,Indoor,Video Game,150+18%,30 minutes,,
Sterling Manali,Indoor,Board Games,Free,,,
Sterling Manali,Indoor,"DJ, Karaoke",Free,,,
Sterling Manali,Outdoor,River Side Walk,350/- Per Person,01 Hour,,1-5 guests
Sterling Manali,Outdoor,Village tour,350/- Per Person,01 Hour,,1-5 guests
Sterling Manali,Outdoor,Apple Orchard,350/- Per Person,01 Hour,,1-5 guests
Sterling Kufri,Indoor,Pool Table,200+GST per hour,30 Minutes,,
Sterling Kufri,Indoor,PS4,200+GST per hour,60 Minutes,,
Sterling Kufri,Indoor,VR Games,200+ GST per game,,,
Sterling Kufri,Indoor,Board Games,Non Chargeable,,,
Sterling Kufri,Indoor,Archery,200+ GST 10 arrows,,,
Sterling Kufri,Indoor,Tatto,100+ GST,,,
Sterling Kufri,Indoor,Hobby Classes,200+ GST,,,
Sterling Kufri,Outdoor,Deshu Peak Trek,500+GST,,,
Sterling Kufri,Outdoor,River Rafting,1500+GST,,,
Sterling Kufri,Outdoor,Village Trek,1200+GST,,,
Sterling Gir,Indoor,Chess,Complimentary,,,
Sterling Gir,Indoor,Carrom Board,Complimentary,,,
Sterling Gir,Indoor,Ludo,Complimentary,,,
Sterling Gir,Indoor,Foos Ball,Complimentary,,,
Sterling Gir,Indoor,Table Tennis,Complimentary,,,
Sterling Gir,Outdoor,Cycles,Complimentary,,we have 5 cycles,
Sterling Gir,Outdoor,Trampolin,Complimentary,,,
Sterling Gir,Outdoor,Kids play area,,,,
Sterling Gir,Outdoor,Safari,,,,
Sterling Lonavala,Indoor,Table Tennis,,,,
Sterling Lonavala,Indoor,Pool Table,100 Plus 18% GST plus 5% service charges,,,
Sterling Lonavala,Indoor,Carom,,,,
Sterling Lonavala,Indoor,Ludo,,,,
Sterling Lonavala,Indoor,Chees,,,,
Sterling Lonavala,Indoor,Raja Rex Toy,677 plus 18% GST plus 5% service charges,,,
Sterling Lonavala,Indoor,Raja rex key tag,64 Plus 18% GST plus 5% service charges,,,
Sterling Lonavala,Indoor,Air hockey,100 Plus 18% GST plus 5% service charges,,,
Sterling Lonavala,Indoor,Raja Rex Mug,200 18% GST plus 5% service charges,,,
Sterling Lonavala,Outdoor,Nature walk,250 plus 18% GST plus 5% service charges,2hrs,,
Sterling Lonavala,Outdoor,Cycling Adult,100 plus 18% GST plus 5% service charges,30mnts,,
Sterling Lonavala,Outdoor,Cycling Kids,100 plus 18% GST plus 5% service charges,30mnts,,
Sterling Puri,Indoor,Table Tennis,FOC,Unlimited,NA,4 pax max
Sterling Puri,Indoor,Pool Table,100+ GST,30 Min,NA,4 pax max
Sterling Puri,Indoor,Video Game,100+ GST,30 Min,NA,4 pax max
Sterling Puri,Indoor,Air Hockey,100+ GST,12 Min,NA,Two pax max
Sterling Puri,Indoor,Pallet Shooting,100+ GST,Unlimited,400 bullets,Un limited pax
Sterling Puri,Outdoor,Archarery,100+ GST,NO limit,10 Shots,Un limited pax
Sterling Puri,Outdoor,Bon Fire,5000+GST,2 hrs,with Light Music,Un limited pax
Sterling Puri,Outdoor,Karaoke,5000+ GST,2 hrs,with Light Music,Un limited pax
Sterling Puri,Outdoor,DJ Night,10000+GST,2 hrs,Dance wit DJ,Un limited pax
Sterling Puri,Outdoor,Cultural Dance,10000+GST,1 hr,Local Dance,Un limited pax
Sterling Puri,Outdoor,Odissey Dance,15000+ GST,1 hr,Local Dance,Un limited pax
Sterling Kanha,Indoor,Table Tennis,NA,,,
Sterling Kanha,Indoor,Fuss Ball,NA,,,
Sterling Kanha,Indoor,Carrom Board,NA,,,
Sterling Kanha,Indoor,Childhood Board Games,NA,,,
Sterling Kanha,Indoor,Feet the Number,NA,30min,,10 pax / 18 pax
Sterling Kanha,Outdoor,Badminton,,,,
Sterling Kanha,Outdoor,Volley Ball,,,,
Sterling Kanha,Outdoor,Cricket,,,,
Sterling Kanha,Outdoor,Forest Hunt,,,,
Sterling Kanha,Outdoor,Nature Walk,Rs.150/++,1hr,,"Min - 02
 Max -10"
Sterling Kanha,Outdoor,Village Tour,Rs.150/++,1hr,,"Min - 02
 Max -10"
Sterling Kanha,Outdoor,Bird Watching,Rs.1500 (AI),1hr,,Max -06
Sterling Kanha,Outdoor,Bonfire,"Rs. 1000/++
 (Total)",1.5hrs,,
Sterling Kanha,Outdoor,Archery,Rs. 250/-++,,,15 Shorts
Sterling Kanha,Outdoor,Gun Sooting,Rs. 250/-++,,,15 Shorts
Sterling Kanha,Outdoor,E- Cycling Safari,Rs.1000/-++,2 hr,,Per person
Sterling Palavelli Godavari,Indoor,Table Tennis,comp,,,
Sterling Palavelli Godavari,Indoor,Carrom,comp,,,
Sterling Palavelli Godavari,Indoor,Chess,comp,,,
Sterling Palavelli Godavari,Indoor,Board Games,comp,,,
Sterling Palavelli Godavari,Indoor,Badminton Court,comp,,,
Sterling Palavelli Godavari,Indoor,Cricket Kit,comp,,,
Sterling Palavelli Godavari,Outdoor,Burma Bridge,248,15 minutes,,
Sterling Palavelli Godavari,Outdoor,Archery,310,5 minutes,,
Sterling Palavelli Godavari,Outdoor,Speed boat riding,465,20 minutes,,
Sterling Nature Trails Durshet,Indoor,Table Tennis,Nil,08:00am to 8:30pm,,
Sterling Nature Trails Durshet,Indoor,Chess,Nil,08:00am to 8:30pm,,
Sterling Nature Trails Durshet,Indoor,Badminton on request,Nil,08:00am to 8:30pm,,
Sterling Nature Trails Durshet,Indoor,Swimming pool,Nil,08:00am to 6:30pm,,
Sterling Nature Trails Durshet,Outdoor,Zip Line,885/- including 5% tax/ per person for 8 activities,10:00 am to 5:00 pm,Above 13 year,
Sterling Nature Trails Durshet,Outdoor,Burma Bridge,885/- including 5% tax/ per person for 8 activities,10:00 am to 5:00 pm,Above 13 year,
Sterling Nature Trails Durshet,Outdoor,Tyre Bridge,885/- including 5% tax/ per person for 8 activities,10:00 am to 5:00 pm,Above 13 year,
Sterling Nature Trails Durshet,Outdoor,Vertical log,885/- including 5% tax/ per person for 8 activities,10:00 am to 5:00 pm,Above 13 year,
Sterling Nature Trails Durshet,Outdoor,Swinging Tyres,885/- including 5% tax/ per person for 8 activities,10:00 am to 5:00 pm,Above 13 year,
Sterling Nature Trails Durshet,Outdoor,Horizontal Net,885/- including 5% tax/ per person for 8 activities,10:00 am to 5:00 pm,Above 13 year,
Sterling Nature Trails Durshet,Outdoor,Net Climbing,885/- including 5% tax/ per person for 8 activities,10:00 am to 5:00 pm,Above 13 year,
Sterling Nature Trails Durshet,Outdoor,Archery,885/- including 5% tax/ per person for 8 activities,10:00 am to 5:00 pm,Above 13 year,
Sterling Nature Trails Durshet,Outdoor,Bornfire,,,"Yes on Friday, Saturday, Sunday (except monsoon )",
Sterling Nature Trails Sajan,Indoor,Table Tennis,Complimentry,from 8 AM to till 10:00 PM,,
Sterling Nature Trails Sajan,Indoor,Carrom,Complimentry,from 8 AM to till 10:00 PM,,
Sterling Nature Trails Sajan,Indoor,Chess,Complimentry,from 8 AM to till 10:00 PM,,
Sterling Nature Trails Sajan,Indoor,Ludo,Complimentry,from 8 AM to till 10:00 PM,,
Sterling Nature Trails Sajan,Outdoor,"High Rope Course -Wooden Plank Walk,Tyre Walk,Log Walk,Log Swing Walk,Net Walk",,,,
Sterling Nature Trails Sajan,Outdoor,Burma Bridge,,,,
Sterling Nature Trails Sajan,Outdoor,Valley Crossing,885 /- including tax,10:00 Am to 5 Pm,Shoes and sports wear require,
Sterling Nature Trails Sajan,Outdoor,Ladder Climbing,,,,
Sterling Nature Trails Sajan,Outdoor,Kayaking (Seosening),,,,
Sterling Nature Trails Sajan,Outdoor,Archery,,,,
Sterling Nature Trails Sajan,Outdoor,Morning Walk Or Treck,,,,
Sterling Nature Trails Sajan,Outdoor,Treasure Hunt,,,with music on every Friday and Saturday,
Sterling Nature Trails Sajan,Outdoor,Camfire,,,with music on every Friday and Saturday,
Sterling Nature Trails Kundalika,Indoor,Carrom,Nil,08:00am to 10:00pm,,
Sterling Nature Trails Kundalika,Indoor,Chess,Nil,08:00am to 10:00pm,,
Sterling Nature Trails Kundalika,Indoor,Ludo,Nil,08:00am to 10:00pm,,
Sterling Nature Trails Kundalika,Indoor,Badminton on request,Nil,08:00am to 10:00pm,,
Sterling Nature Trails Kundalika,Outdoor,Burma Bridge,885/- including taxes,09:30 am to 11:30 am & 04:30 pm to 06:00 pm,"Above 12 years, The activity setup is in the forest, the road is up and down, so it is important to wear comfortable footwear. Light weight clothes are necessary for the activity.",
Sterling Nature Trails Kundalika,Outdoor,Zip Line,885/- including taxes,09:30 am to 11:30 am & 04:30 pm to 06:00 pm,"Above 12 years, The activity setup is in the forest, the road is up and down, so it is important to wear comfortable footwear. Light weight clothes are necessary for the activity.",
Sterling Nature Trails Kundalika,Outdoor,Tarzan Swing,885/- including taxes,09:30 am to 11:30 am & 04:30 pm to 06:00 pm,"Above 12 years, The activity setup is in the forest, the road is up and down, so it is important to wear comfortable footwear. Light weight clothes are necessary for the activity.",
Sterling Nature Trails Kundalika,Outdoor,Kayaking,885/- including taxes,09:30 am to 11:30 am & 04:30 pm to 06:00 pm,"Above 12 years, The activity setup is in the forest, the road is up and down, so it is important to wear comfortable footwear. Light weight clothes are necessary for the activity.",
Sterling Nature Trails Kundalika,Outdoor,Bornfire,,,"Yes on Friday, Saturday, Sunday (except monsoon )",
Sterling Park Kalimpong,Indoor,Foosball,complimentary,,,
Sterling Park Kalimpong,Indoor,Board Game,complimentary,,,
Sterling Park Kalimpong,Outdoor,Nature Walk,250 all inclusive,45min,,Minimum 2 and Maximun 15
Sterling Park Kalimpong,Outdoor,Paragliding,3500,2hrs,,Minimum 1 and Maximun 20
Sterling Park Kalimpong,Outdoor,Rafting,1500/3500,15 to 30 Mins,,Minimum 4 pax and Maximum 20
Sterling Park Kalimpong,Outdoor,Bonefire,2500,1 to 2 hrs,,Minimum 2 and Maximun 20
Sterling Mount Abu,Indoor,Table Tennis,,,,
Sterling Mount Abu,Indoor,Pool Table,100+tax,30mnts,,4 people
Sterling Mount Abu,Indoor,Carom,,,,
Sterling Mount Abu,Indoor,Ludo,,,,
Sterling Mount Abu,Indoor,Chees,,,,
Sterling Mount Abu,Indoor,Raja Rex Toy,677+Tax,,,
Sterling Mount Abu,Indoor,Magnet ( Momentous),64+Tax,,,
Sterling Mount Abu,Indoor,Raja Rex Mug,200+Tax,,,
Sterling Mount Abu,Outdoor,Nature walk,300+tax,2hrs,,minimum 3
Sterling Mount Abu,Outdoor,Cycling Adult,100+Tax,30mnts,,
Sterling Mount Abu,Outdoor,Cycling Kids,75+tax,30mnts,,
Sterling Mount Abu,Outdoor,Bon fire,2000+ Tax,60 mnts,Only Nov to Feb,Minimum 2
Sterling Ooty Fern Hill,Indoor,Table Tennis,NA,,,Min 2/Max 4
Sterling Ooty Fern Hill,Indoor,Zenga,NA,,,Min 2/Max 4
Sterling Ooty Fern Hill,Indoor,Connect 4,NA,,,Min 2/Max 4
Sterling Ooty Fern Hill,Indoor,Carrom,NA,,,Min 2/Max 4
Sterling Ooty Fern Hill,Indoor,Chess,NA,,,Min 2/Max 2
Sterling Ooty Fern Hill,Indoor,Chess,NA,,,Min 2/Max 3
Sterling Ooty Fern Hill,Indoor,Cricket,NA,,,Group
Sterling Ooty Fern Hill,Indoor,Air Hockey,100+(18% Gst + 5% SC),10 min,,Min 2/Max 2
Sterling Ooty Fern Hill,Indoor,Pool Table,100+(18% Gst + 5% SC),30 mins,,Depend
Sterling Ooty Fern Hill,Indoor,Ps3,100+(18% Gst + 5% SC),15 mins,,Min 1/Max 1
Sterling Ooty Fern Hill,Indoor,VR Game,200+(18% Gst + 5% SC),10 min,,Min 1/Max 1
Sterling Ooty Fern Hill,Indoor,VR Game Stand Alone,200+(18% Gst + 5% SC),10 min,,Min 1/Max 1
Sterling Ooty Fern Hill,Indoor,Car simulator,200+(18% Gst + 5% SC),20 min,,Min 1/Max 1
Sterling Ooty Fern Hill,Indoor,Canvas Painting Small,250+(18% Gst + 5% SC),,,Min 1/Max 1
Sterling Ooty Fern Hill,Indoor,Canvas Painting Medium,350+(18% Gst + 5% SC),,,Min 1/Max 1
Sterling Ooty Fern Hill,Indoor,Canvas Painting Big,400+(18% Gst + 5% SC),,,Min 1/Max 1
Sterling Ooty Fern Hill,Indoor,Canvas Painting with stand,600+(18% Gst + 5% SC),,,Min 1/Max 1
Sterling Ooty Fern Hill,Indoor,Glass Painting,400+(18% Gst + 5% SC),,,Min 1/Max 1
Sterling Ooty Fern Hill,Indoor,Wooden painting,250+(18% Gst + 5% SC),,,Min 1/Max 1
Sterling Ooty Fern Hill,Indoor,Circle MDF painting SS,200+(18% Gst + 5% SC),,,Min 1/Max 1
Sterling Ooty Fern Hill,Indoor,Circle MDF painting S,250+(18% Gst + 5% SC),,,Min 1/Max 1
Sterling Ooty Fern Hill,Indoor,Circle MDF painting M,350+(18% Gst + 5% SC),,,Min 1/Max 1
Sterling Ooty Fern Hill,Indoor,Circle MDF painting,400+(18% Gst + 5% SC),,,Min 1/Max 1
Sterling Ooty Fern Hill,Indoor,Square MDF painting ss,200+(18% Gst + 5% SC),,,Min 1/Max 1
Sterling Ooty Fern Hill,Indoor,Square MDF painting,250+(18% Gst + 5% SC),,,Min 1/Max 1
Sterling Ooty Fern Hill,Indoor,Square MDF painting,350+(18% Gst + 5% SC),,,Min 1/Max 1
Sterling Ooty Fern Hill,Indoor,Square MDF painting,400+(18% Gst + 5% SC),,,Min 1/Max 1
Sterling Ooty Fern Hill,Indoor,Heart MDF painting ss,150+(18% Gst + 5% SC),,,Min 1/Max 1
Sterling Ooty Fern Hill,Indoor,Heart MDF painting S,200+(18% Gst + 5% SC),,,Min 1/Max 1
Sterling Ooty Fern Hill,Indoor,Heart MDF painting M,250+(18% Gst + 5% SC),,,Min 1/Max 1
Sterling Ooty Fern Hill,Indoor,Heart MDF painting L,350+(18% Gst + 5% SC),,,Min 1/Max 1
Sterling Ooty Fern Hill,Indoor,Square MDF painting,400+(18% Gst + 5% SC),,,Min 1/Max 1
Sterling Ooty Fern Hill,Indoor,Bottle Painting,300+(18% Gst + 5% SC),,,Min 1/Max 1
Sterling Ooty Fern Hill,Indoor,Emboss painting,400+(18% Gst + 5% SC),,,Min 1/Max 1
Sterling Ooty Fern Hill,Indoor,Quelling Card,300+(18% Gst + 5% SC),,,Min 1/Max 1
Sterling Ooty Fern Hill,Indoor,Greeting Card Making,NA,,,
Sterling Ooty Fern Hill,Indoor,Paper craft,NA,,,
Sterling Ooty Fern Hill,Indoor,Paper Drawing,NA,,,
Sterling Ooty Fern Hill,Outdoor,Paint ball,127+(18% Gst + 5% SC),10 shots,,Min 1/Max 1
Sterling Ooty Fern Hill,Outdoor,Archery,127+(18% Gst + 5% SC),8 shots,,Min 1/Max 1
Sterling Ooty Fern Hill,Outdoor,Trampolin,121+(18% Gst + 5% SC),10 mins,They can jump alone or jump together,Min 1/Max 2
Sterling Ooty Fern Hill,Outdoor,High Rope,423+(18% Gst + 5% SC),,,Min 1/Max 2
Sterling Ooty Fern Hill,Outdoor,Low Rope,338+(18% Gst + 5% SC),,,Min 1/Max 2
Sterling Ooty Fern Hill,Outdoor,wall climbing,338+(18% Gst + 5% SC),,,Min 1/Max 2
Sterling Ooty Fern Hill,Outdoor,Zipline,250+(18% Gst + 5% SC),,,Min 1/Max 1
Sterling Ooty Fern Hill,Outdoor,Badga Dance,15000+(18% Gst + 5% SC),,,Group
Sterling Ooty Fern Hill,Outdoor,Toda Dance,15000+(18% Gst + 5% SC),,,Group
Sterling Ooty Fern Hill,Outdoor,Bonfire with music,12000+(18% Gst + 5% SC),,,Group
Sterling Ooty Fern Hill,Outdoor,Team Building Activity,15000+(18% Gst + 5% SC),,,Group
Sterling Ooty Fern Hill,Outdoor,Jeep Safari,7500+(18% Gst + 5% SC),,,Min 1/Max 5
Sterling Ooty Fern Hill,Outdoor,Cairnl Trekking,300+(18% Gst + 5% SC),,,Group
Sterling Ooty Fern Hill,Outdoor,Lavdale Trekking,300+(18% Gst + 5% SC),,,Group
Sterling Ooty Fern Hill,Outdoor,valley view point,400+(18% Gst + 5% SC),,,Group
Sterling Ooty Fern Hill,Outdoor,Organic Farm Visit,2000+(18% Gst + 5% SC),,INR. 2000+tax Charges is for Min 1/Max 4,Group
Sterling Ooty Fern Hill,Outdoor,Tribal Interaction,300+(18% Gst + 5% SC),,,Group
Sterling Wayanad,Indoor,Table Tennis,Comp,,,
Sterling Wayanad,Indoor,Foosball,Comp,,,
Sterling Wayanad,Indoor,Board Games,Comp,,,
Sterling Wayanad,Indoor,Kids corner with soft toys,Comp,,,
Sterling Wayanad,Indoor,Pool Table,100+ 23.9% taxes (118/-),15 mins,,
Sterling Wayanad,Indoor,Car Stimulator,200 + 23.9% taxes (236),30 mins,,
Sterling Wayanad,Indoor,Air Hockey,100+ 23.9%tax (118/-) for 3 coins,15 mins,,
Sterling Wayanad,Indoor,PS4,100+ 23.9% taxes (118/-),30 mins,,
Sterling Wayanad,Indoor,VR Games,350 + 23.9% taxes (413/-),40 mins,,
Sterling Wayanad,Outdoor,Nature walk- / Loop Walk,200+ 23.9% taxes per head (118/-),2.5 hours,,
Sterling Wayanad,Outdoor,Archery,150 + 23.9% taxes for 10 shots (117/-,15 mins,,
Sterling Wayanad,Outdoor,Zip Line,250 + 23.9% taxes (295/-),5 mins,,
Sterling Wayanad,Outdoor,Pottery demo,282 + 23.9% taxes,15 mins,,
Sterling Wayanad,Outdoor,Water Pellet gun shooting,250 +23.9% taxes (295/-),15 mins,,
Sterling Wayanad,Outdoor,Fish Feeding experience,1 packet (20/-net),15 mins,,
Sterling Wayanad,Outdoor,Cycling,100 + 23.9% taxes (118/-),1 hour,,
Sterling Wayanad,Outdoor,Evening,Complimentary,1.5 hours,,
Sterling Wayanad,Outdoor,Swimming pool,Complimentary,,,
Sterling Wayanad,Outdoor,Kids play area,Complimentary,,,
Sterling Wayanad,Outdoor,Mini Gym,Complimentary,,,
Sterling Pushkar,Indoor,Ludo,Complimentary,,,4 Pax
Sterling Pushkar,Indoor,Chess,Complimentary,,,2 Pax Max
Sterling Pushkar,Indoor,Housie,Complimentary,Unlimited,,10 Pax
Sterling Pushkar,Indoor,Carrom Board,Complimentary,Unlimited,,4 Pax
Sterling Pushkar,Outdoor,Cricket,Complimentary,Unlimited,,10 Pax
Sterling Pushkar,Outdoor,Badminton,Complimentary,Unlimited,,4 Pax
Sterling Pushkar,Outdoor,Volley Ball,Complimentary,Unlimited,,6 Pax Max
Sterling Pushkar,Outdoor,Horse Riding,1000+GST,2 hrs,,1 Pax Max
Sterling Pushkar,Outdoor,Camel Riding,1000+GST,2 hrs,,2 Pax Max
Sterling Pushkar,Outdoor,Camel Cart Ride,1200+GST,2 hrs,,6 Pax Max
Sterling Pushkar,Outdoor,Jeep Riding,3000+GST,2 hrs,,6 Pax Max
Sterling Pushkar,Outdoor,Desert bike,2000+GST,2 hrs,,2 Pax Max
Sterling Pushkar,Outdoor,Mini Gym,complimentary,,,
Sterling Banashree Badami,Indoor,Table Tennis,FOC,Unlimited,NA,4 pax max
Sterling Banashree Badami,Indoor,Carrom,FOC,Unlimited,NA,4 pax max
Sterling Banashree Badami,Indoor,chess,FOC,Unlimited,NA,2 pax
Sterling Banashree Badami,Indoor,badminton,FOC,Unlimited,NA,2 pax
Sterling Rewild Sariska,Indoor,Table Tennis,,,,
Sterling Rewild Sariska,Indoor,Pool Table,,,,
Sterling Rewild Sariska,Indoor,Video Game,,,,
Sterling Rewild Sariska,Indoor,DJ and Games,,,Every evening for inhouse guests,
Sterling Rewild Sariska,Outdoor,Burma Bridge,,,,
Sterling Rewild Sariska,Outdoor,Zip Line,,,,
Sterling Rewild Sariska,Outdoor,Rafting,,,,
Sterling Rewild Sariska,Outdoor,Commando Net,,,,
Sterling Rewild Sariska,Outdoor,Bornfire,,,,
Sterling Stolen Heaven,Indoor,Table Tennis,,,,
Sterling Stolen Heaven,Indoor,Carrom,,,,
Sterling Stolen Heaven,Indoor,Ludo,,,,
Sterling Stolen Heaven,Indoor,Chess,,,,
Sterling Stolen Heaven,Outdoor,Nature walk,250 plus 18% GST plus 5% service charges,2 hours,,
Sterling Stolen Heaven,Outdoor,Cycling Adult,100 plus 18% GST plus 5% service charges,30 mins,,
Sterling Stolen Heaven,Outdoor,Cycling Kids,100 plus 18% GST plus 5% service charges,30 mins,,
Sterling Marbella Dehradun,Indoor,GYM,complimentry for inhouse guests,,,maximum 2pax
Sterling Yelagiri,Indoor,Table Tennis,Comp,,,
Sterling Yelagiri,Indoor,Chess,Comp,,,
Sterling Yelagiri,Indoor,carrom board,Comp,,,
Sterling Yelagiri,Indoor,DJ evenings are there,,,,
Sterling Yelagiri,Outdoor,Badminton,Comp,,,
Sterling Yelagiri,Outdoor,Trekking,500 net,3 hrs total,,Minimum 5 pax / max 50
Sterling Yelagiri,Outdoor,DJ Evening,,,,
Sterling Yelagiri,Outdoor,Karaoke night,,,,
Sterling Yelagiri,Outdoor,Bonfire with music,,,,
Sterling Yelagiri,Outdoor,Housie game,,,,
Sterling Anaikatti,Indoor,Table Tennis,Nil,Nil,,
Sterling Anaikatti,Indoor,Badminton,Nil,Nil,,
Sterling Anaikatti,Indoor,Carrom,Nil,Nil,,
Sterling Anaikatti,Indoor,Chess,Nil,Nil,,
Sterling Anaikatti,Indoor,Jenga,Nil,Nil,,
Sterling Anaikatti,Indoor,Tambola,Nil,Nil,,
Sterling Anaikatti,Indoor,Golf,124,1 Hour,,
Sterling Anaikatti,Indoor,Playing Cards,Nil,Nil,,
Sterling Anaikatti,Indoor,Pedal Boat,248,1 Hour,,
Sterling Anaikatti,Indoor,Cycling,124,30 Minutes,,
Sterling Anaikatti,Indoor,Water Gun Shooting,248,1 Round,,
Sterling Anaikatti,Outdoor,Koodapatti River Walk,1800,2 Hour,,
Sterling Anaikatti,Outdoor,Narasimukku view point,1800,2 Hour,,
Sterling Anaikatti,Outdoor,Night Safari,2850,1 Hour 30 Minutes,,
Sterling Darjeeling,Indoor,Table Tennis,NA,,,
Sterling Darjeeling,Indoor,Pool Table,N/A,,,
Sterling Darjeeling,Indoor,Air Gun,100/- + (10 Shots),,,
Sterling Darjeeling,Indoor,Air Hockey,30/- +(3.30 Seconds),,,
Sterling Darjeeling,Indoor,Archery,100/- + (10 Shots),,,
Sterling Darjeeling,Outdoor,Para Gliding,INR 4000/-,,,1
Sterling Darjeeling,Outdoor,Rafting,INR 1200/-,,,6
Sterling Kodai Valley,Indoor,Table Tennis,Complimentary,,,
Sterling Kodai Valley,Indoor,Pool Table,100++ (125Net),30 min,,
Sterling Kodai Valley,Indoor,Ps4,200++ (250Net),30 min,,
Sterling Kodai Valley,Indoor,3D Movie Theatre,250Net,2hrs,,
Sterling Kodai Valley,Indoor,IB Cricket,250++ (310Net),3 overs,,
Sterling Kodai Valley,Indoor,Water Pallet,250++ (310Net),100 bullets,,
Sterling Kodai Valley,Indoor,Board Games,Complimentary,,,
Sterling Kodai Valley,Indoor,Glass Painting,310 Net,,,
Sterling Kodai Valley,Indoor,Canvas Painting,372 Net,,,
Sterling Kodai Valley,Indoor,Emboss Painting,434 Net,,,
Sterling Kodai Valley,Indoor,VR Games,310 Net,,,
Sterling Kodai Valley,Outdoor,Badminton,Complimentary,,,
Sterling Kodai Valley,Outdoor,Basket Ball,Complimentary,,,
Sterling Kodai Valley,Outdoor,Cricket,Complimentary,,,
Sterling Kodai Valley,Outdoor,Archery,372 Net,30 arrows,,
Sterling Kodai Valley,Outdoor,Trecking,300++ (372Net) per person,,,
Sterling Kodai Valley,Outdoor,Bonfire,10000+Tax,upto 10 pax,,
Sterling Kodai Valley,Outdoor,Bonfire with Light Music,15000+Tax,upto 20 Pax,,
Sterling Kodai Valley,Outdoor,Kombai River Jeep Ride,7000 Net,,,
Sterling Kodai Valley,Outdoor,Kombai River Camper Ride,10000 Net,,,
Sterling Kodai Valley,Outdoor,Off Road Jeep Ride,6600 Net,,,
Sterling Kodai Valley,Outdoor,Off Road Camper Ride,9600 Net,,,
Sterling Nainital,Indoor,Pool Table,200+18% GST,30 Min,,N/A
Sterling Nainital,Indoor,Video Game,200+18% GST,30 Min,,N/A
Sterling Nainital,Indoor,Air Hockey,200+18% GST,9 Min,,N/A
Sterling Nainital,Indoor,Billiards Table,200+18% GST,30 Min,,N/A
Sterling Nainital,Indoor,Table Tennis,N/A,N/A,,N/A
Sterling Nainital,Indoor,"Bord Games (Carrom,Chess,Ludo,Etc",N/A,N/A,,N/A
Sterling Nainital,Outdoor,Atv Ride,Rs 400 To Rs 1000,Per Lap,,Not possible during Monsoons
Sterling Nainital,Outdoor,Zip Line,600+18% GST,N/A,,Not possible during Monsoons
Sterling Nainital,Outdoor,Paragliding,2000+18% GST,5 to 10 Min,,Not possible during Monsoons
Sterling Nainital,Outdoor,Silk Trek,200+18% GST,N/A,,Not possible during Monsoons
Sterling Nainital,Outdoor,Pine forest trek,200+18% GST,N/A,,Not possible during Monsoons
Sterling Nainital,Outdoor,Bon Fire,8000+18% GST,2 Hour,,Not possible during Monsoons
Sterling Nainital,Outdoor,Sigdi,500+18% GST,N/A,,
Sterling Nainital,Outdoor,Badminton,N/A,N/A,,Not possible during Monsoons
Sterling Goa Varca,Indoor,Table Tennis,Comp,,They can play singles and doubles also,Min 2/Max 4
Sterling Goa Varca,Indoor,Carrom,Comp,,They can play singles and doubles also,Min 2/Max 4
Sterling Goa Varca,Indoor,Chess,Comp,,They can play singles and doubles also,Min 2/Max 4
Sterling Goa Varca,Indoor,Ludo/Snake & ladder,Comp,,They can play singles and doubles also,Min 2/Max 4
Sterling Goa Varca,Indoor,Pool table,105 + GST (18%),30 min,In between they want to change a player they can change,Min 2/Max 4
Sterling Goa Varca,Indoor,Fooz ball,105 + GST (18%),30 min,In between they want to change a player they can change,Min 2/Max 4
Sterling Goa Varca,Indoor,Ice Hockey,105 + GST (18%),30 min,In between they want to change a player they can change,Min 2/Max 2
Sterling Goa Varca,Indoor,Fish Spa - Solo,300 + GST (18%),15 min,,Min 1/Max 1
Sterling Goa Varca,Indoor,Fish Spa - Couple,500 + GST (18%),15 min,,Min 2/Max 2
Sterling Goa Varca,Indoor,Hand Casting Kids,300 + GST (18%),15 - 20 min,,Min 1/Max 1
Sterling Goa Varca,Indoor,Hand Casting Adult,500 + GST (18%),15 - 20 min,,Min 1/Max 1
Sterling Goa Varca,Indoor,Hand Casting Couple,800 + GST (18%),15 - 20 min,,Min 2/Max 2
Sterling Goa Varca,Indoor,Cycle Adult,105 + GST (18%),1 Hr,,Min 1/Max 1 per cycle
Sterling Goa Varca,Indoor,B Live Bike Tour (with guide),2000 + GST (18%),2 Hrs,,per cycle - Min 1/Max 10
Sterling Goa Varca,Indoor,Swimming Classes,200 + GST (18%),1 Hr,,Min 1/Max 1
Sterling Goa Varca,Indoor,Play station,105 + GST (18%),30 min,In between they want to change a player they can change,Min 1/Max 1
Sterling Goa Varca,Outdoor,Cricket Balling Machine,,,available Oct-Mar,₹ 499 + GST 18% for 60 Balls
Sterling Goa Varca,Outdoor,Trampoline,,,available Oct-Mar,₹ 299 + GST 18% for 1 day / person
Sterling Goa Varca,Outdoor,Children Boating,,,,₹ 249 + GST 18% for 15 minutes
Sterling Goa Varca,Outdoor,Children Battery vehicles,,,,₹ 249 + GST 18% for 10 minutes
Sterling Goa Varca,Outdoor,Aqua Zorbing,,,,₹ 249 + GST 18% for 10 minutes
Sterling Gangtok Orange Village,Indoor,Kids Toys,Complimentary,,,
Sterling Padam Pench,Indoor,"Ludo , snakes and ladders,Badminton in open area,Chess,Pool Table,Table tennis",,,,
Sterling Mantra Haridwar,Outdoor,"Ludo , snakes and ladders",,,,
Sterling Mantra Haridwar,Outdoor,Chess,,,,
Sterling Mantra Haridwar,Outdoor,Playing card,,,,
Sterling Mantra Haridwar,Outdoor,Bonfire for group,3500,3 Hrs,,50 Guest
Sterling Shivalik Chail,Indoor,Carrom Board,,,,
Sterling Shivalik Chail,Indoor,Mini Soccer,,,,
Sterling Shivalik Chail,Indoor,"Ludo , snakes and ladders",,,,
Sterling Shivalik Chail,Indoor,Chess,,,,
Sterling Shivalik Chail,Indoor,Playing card,,,,
Sterling Shivalik Chail,Indoor,Memory games,,,,
Sterling Shivalik Chail,Indoor,Jenga,,,,
Sterling Shivalik Chail,Indoor,Badminton in open area,,,,
Sterling Shivalik Chail,Indoor,Dart game,,,,
Sterling Shivalik Chail,Outdoor,Bonfire,1999,,,for Couple
Sterling Shivalik Chail,Outdoor,Bonfire for group,3900,,,50pax
Sterling Shivalik Chail,Outdoor,Paragliding,2850,,,
Sterling Shivalik Chail,Outdoor,Adventure activities,1000,,Zipline-Bridge crossing- Rope climbing,
Sterling Shivalik Chail,Outdoor,Village Tour along with Himachali food,1300,,,
Sterling Shivalik Chail,Outdoor,Village Tour,500,2 hrs,,
Sterling Shivalik Chail,Outdoor,Jungle trek,500,2 hrs,,min 2 pax
Sterling Shivalik Chail,Outdoor,Glass painting,250,,,
Sterling Shivalik Chail,Outdoor,Cycling,200,,,
Sterling Legacy Shimla,N/A,N/A,N/A,N/A,N/A,"We don’t have a D&E area since it's located on Mall Road in Shimla, but we provide boards to guests in their rooms based on their requirements"
Sterling Panchgani,Indoor,Table Tennis,,,,
Sterling Panchgani,Indoor,Carom,,,,
Sterling Panchgani,Indoor,Ludo,,,,
Sterling Panchgani,Indoor,Chess,,,,
Sterling Panchgani,Outdoor,Mountain Trekking,550 plus 18% GST plus 5% service charges,2hrs,,
Sterling Panchgani,Outdoor,Bird Watching,550 plus 18% GST plus 5% service charges,2hrs,,
Sterling Vythiri Wayanad,Indoor,Carom,Complimentary,,,
Sterling Vythiri Wayanad,Indoor,Chess,Complimentary,,,
Sterling Vythiri Wayanad,Indoor,Playing cards,Complimentary,,,
Sterling Vythiri Wayanad,Outdoor,Badminton,Complimentary,,,
Sterling Vythiri Wayanad,Outdoor,Cycling,Complimentary,,,
Sterling Vythiri Wayanad,Outdoor,Swimming Pool,Complimentary,,,
Sterling Balicha Udaipur,Indoor,Pool Table,300+gst per Frame,1-1.5 hours,NA,2
Sterling Balicha Udaipur,Indoor,Table Tennis,NA,35 min,NA,2
Sterling Balicha Udaipur,Indoor,Carrom,NA,35 min,NA,4
Sterling Balicha Udaipur,Indoor,Ludo,NA,35 min,NA,2
Sterling Balicha Udaipur,Indoor,Snakes & Ladder,NA,35 min,NA,2
Sterling Balicha Udaipur,Indoor,Housie,NA,35 min,NA,group of pax
Sterling Balicha Udaipur,Indoor,Chess,NA,35 min,NA,2
Sterling Balicha Udaipur,Outdoor,Yoga,INR 1000 per person for 01 hour session,60 minutes,N/A,N/A
Sterling Balicha Udaipur,Outdoor,Bornfire,8000 + taxes,2 hrs,from 7:30 Pm to 09: 30 Pm,
Sterling Corbett,Indoor,Table Tennis,,,,
Sterling Corbett,Indoor,Video Game,,,,
Sterling Corbett,Indoor,Carrom,,,,
Sterling Corbett,Indoor,Bord Games,,,,
Sterling Corbett,Indoor,Badmainton,,,,
Sterling Corbett,Outdoor,Bonfire,2500+18%GST,2Hrs,Only for inhouse guests,max. 20 Pax.
Sterling Corbett,Outdoor,Burma Bridge,200+18% GST,,Only for inhouse guests,
Sterling Corbett,Outdoor,Zip Line,300+18% GST,,Only for inhouse guests,
Sterling Corbett,Outdoor,Gun Shooting,200+18% GST,,Only for inhouse guests,
Sterling Corbett,Outdoor,Archery,250+18% GST,,Only for inhouse guests,
Sterling Corbett,Outdoor,Pistol Shooting,200+18% GST,,Only for inhouse guests,
Sterling Corbett,Outdoor,Bird Watching,400+18% GST,2 hrs,Only for inhouse guests,min 2 persons
Sterling Corbett,Outdoor,Trekking,300+18% GST,2 hrs,Only for inhouse guests,min 2 persons
Sterling Corbett,Outdoor,Double Rope Bridge,200+18% GST,,Only for inhouse guests,
Sterling Corbett,Outdoor,River Side Walk,300+18% Gst Per Person,02 Hour,,1-5 guests
Sterling Corbett,Outdoor,Village tour,350+18% GST Per Person,02 Hour,,1-5 guests
Sterling Corbett,Outdoor,Fun Tour,4200+18% GST Per Vehicle,03 Hour,,1-5 guests
Sterling Athirappilly,Indoor,Snooker,150+ tax,half an hour,,
Sterling Athirappilly,Indoor,Carrom,COMP,24 Hours,,
Sterling Athirappilly,Indoor,Chess,COMP,24 Hours,,
Sterling Athirappilly,Indoor,Board Games,COMP,24 Hours,,
Sterling Athirappilly,Outdoor,Waterfall Trek,INR 750 + tax,60 min,Subject to suitable weather conditions/ KFWD regulations,Per person
Sterling Athirappilly,Outdoor,Nature Walk,INR 950 + tax,120 min,Subject to suitable weather conditions/ KFWD regulations,Per person
Sterling Athirappilly,Outdoor,Jeep Safari,INR 4500 + tax,120 min,Subject to suitable weather conditions/ KFWD regulations,Group of 5
"
 Sterling City Centre Bokaro",,Carrom,FOC,Unlimited,NA,4 pax max
Sterling Orient Woods,Indoor,Pool Table,FOC,30 Min,NA,4 pax max
Sterling Orient Woods,Indoor,Cheese,FOC,01 hr,NA,2 pax max
Sterling Orient Woods,Indoor,Outdoor Cheese,FOC,01 hr,NA,2 pax max
Sterling Orient Woods,Indoor,Cricker-Garden,FOC,Unlimited,NA,22 Pax Max
Sterling Orient Woods,Indoor,Badminton,FOC,30 Min,NA,4 pax max
Sterling Nainital,Indoor,Pool Table,200+18% GST,30 Min,,N/A
Sterling Nainital,Indoor,Video Game,200+18% GST,30 Min,,N/A
Sterling Nainital,Indoor,Air Hockey,200+18% GST,9 Min,,N/A
Sterling Nainital,Indoor,Billiards Table,200+18% GST,30 Min,,N/A
Sterling Nainital,Indoor,Table Tennis,N/A,N/A,,N/A
Sterling Nainital,Indoor,"Bord Games (Carrom,Chess,Ludo,Etc",N/A,N/A,,N/A
Sterling Nainital,Outdoor,Atv Ride,Rs 400 To Rs 1000,Per Lap,,Not possible during Monsoons
Sterling Nainital,Outdoor,Zip Line,600+18% GST,N/A,,Not possible during Monsoons
Sterling Nainital,Outdoor,Paragliding,2000+18% GST,5 to 10 Min,,Not possible during Monsoons
Sterling Nainital,Outdoor,Silk Trek,200+18% GST,N/A,,Not possible during Monsoons
Sterling Nainital,Outdoor,Pine forest trek,200+18% GST,N/A,,Not possible during Monsoons
Sterling Nainital,Outdoor,Bon Fire,8000+18% GST,2 Hour,,Not possible during Monsoons
Sterling Nainital,Outdoor,Sigdi,500+18% GST,N/A,,
Sterling Nainital,Outdoor,Badminton,N/A,N/A,,Not possible during Monsoons
Sterling Corbett,Indoor,Table Tennis,NA,,,
Sterling Corbett,Indoor,Video Game,400+18%GST,30 Min.,,
Sterling Corbett,Indoor,Carrom,NA,,,
Sterling Corbett,Indoor,Bord Games,NA,,,
Sterling Corbett,Indoor,Badmainton,NA,,,
Sterling Corbett,Outdoor,Bonfire,2500+18%GST,2Hrs,Only for inhouse guests,max. 20 Pax.
Sterling Corbett,Outdoor,Burma Bridge,200+18% GST,,Only for inhouse guests,
Sterling Corbett,Outdoor,Zip Line,300+18% GST,,Only for inhouse guests,
Sterling Corbett,Outdoor,Gun Shooting,200+18% GST,,Only for inhouse guests,
Sterling Corbett,Outdoor,Archery,250+18% GST,,Only for inhouse guests,
Sterling Corbett,Outdoor,Pistol Shooting,200+18% GST,,Only for inhouse guests,
Sterling Corbett,Outdoor,Bird Watching,400+18% GST,2 hrs,Only for inhouse guests,min 2 persons
Sterling Corbett,Outdoor,Trekking,300+18% GST,2 hrs,Only for inhouse guests,min 2 persons
Sterling Corbett,Outdoor,Double Rope Bridge,200+18% GST,,Only for inhouse guests,
Sterling Corbett,Outdoor,River Side Walk,300+18% Gst Per Person,02 Hour,,1-5 guests
Sterling Corbett,Outdoor,Village tour,350+18% GST Per Person,02 Hour,,1-5 guests
Sterling Corbett,Outdoor,Fun Tour,4200+18% GST Per Vehicle,03 Hour,,1-5 guests
Sterling Aravalli,Indoor,Carrom,NA,,2 person or 4 person can play together,Min 2/Max 4
Sterling Aravalli,Indoor,Zenga,NA,,2person or 4 person can play together,Min 2/Max 4
Sterling Aravalli,Indoor,Chess,NA,,,Min 2
Sterling Aravalli,Indoor,Ludo,NA,,,Min 2/Max 4
Sterling Aravalli,Indoor,Board Games,NA,,,Min 2/Max 2
Sterling Aravalli,Indoor,PS5,200+23.9%tax(18%Gst+5%SC),30 Mins,,Min 1
Sterling Aravalli,Indoor,T.T Table,NA,,,Group
Sterling Aravalli,Indoor,Foosball,NA (In house guest),,In between they want to change a player they can change,Min 2/ Max 4
Sterling Aravalli,Outdoor,Team building game,NA,,In between they want to change a player they can change,Min 2/Max 2
Sterling Aravalli,Outdoor,Cycling (Small),200+23.9%tax(18%Gst+5%SC),30 Mins,,Depend
Sterling Aravalli,Outdoor,Water Zorbing,200+(18% Gst + 5% SC),10 mins,,Depend
Sterling Aravalli,Outdoor,Cricket,Complimentary,,,Depend
Sterling Aravalli,Outdoor,Village Walk,500.+(18% Gst + 5% SC),2 Hour,,Min 1/Max 1
Sterling Aravalli,Outdoor,Temple Visit,300+23.9 %tax (18% Gst + 5% SC),2 Hour,,Depend
Sterling Aravalli,Outdoor,Archery,200+23.9 %tax (18% Gst + 5% SC),10 short,,Min 1
Sterling Aravalli,Outdoor,cycle(Big),200+23.9 %tax (18% Gst + 5% SC),30 Mins,,Min 1
Sterling Aravalli,Evening,Family Fun games,NA,1 Hour,Everyday between 7:30 pm to 8:30pm (varies as per availability and guest choice),
Sterling Aravalli,Evening,DJ,NA,1 Hour,Everyday between 7:30 pm to 8:30pm (varies as per availability and guest choice),
Sterling Aravalli,Evening,Masic show,NA,1 Hour,Everyday between 7:30 pm to 8:30pm (varies as per availability and guest choice),
Sterling Aravalli,Evening,Puppet Show,NA,1 Hour,Everyday between 7:30 pm to 8:30pm (varies as per availability and guest choice),
Sterling Aravalli,Evening,Housie,NA,1 Hour,Everyday between 7:30 pm to 8:30pm (varies as per availability and guest choice),
Sterling Aravalli,Evening,Rajashan Folk Dance,NA,1 Hour,Everyday between 7:30 pm to 8:30pm (varies as per availability and guest choice),